region-centroid-col,region-centroid-row,short-line-density-5,short-line-density-2,vedge-mean,vedge-sd,hedge-mean,hedge-sd,intensity-mean,rawred-mean,rawblue-mean,rawgreen-mean,exred-mean,exblue-mean,exgreen-mean,value-mean,saturation-mean,hue-mean
0.01433048223836022,0.0026684298541540807,-0.019817527932438246,-0.014602041508114227,-0.03608051324143535,-0.008995617950615849,-0.02793179690562358,-0.008045211539559062,-0.055272927263319345,-0.04989138513130068,-0.057391383940946304,-0.05737741739242945,0.09463105111935702,-0.060153608642610615,0.0031530633025322655,-0.05937277300613068,0.03724447117266667,0.00969564039390602
0.059135463926533606,0.01218639621292021,-0.019817527932438246,-0.014602041508114227,-0.03486373272117782,-0.008671668611944211,-0.030334451424143517,-0.00821093705544296,-0.054411830818773294,-0.04794511658013561,-0.0572159286401781,-0.056755210036159444,0.10393933510483357,-0.06425007110166264,0.00035921165464118817,-0.05830618003984009,0.03509792678434233,0.018434124894895945
-0.01833981690926621,0.019324870981994806,-0.019817527932438246,-0.014602041508114227,-0.036080514993602944,-0.008924938133361936,-0.025529145991083625,-0.007895269570377587,-0.055405403501831735,-0.04945888204682893,-0.05809320419656125,-0.05737741739242945,0.09995007165092444,-0.06425007110166264,0.004549992269564052,-0.059728303941564614,0.03328678889472065,0.01660976071227974
-0.08461385232302268,0.016945379392303273,-0.019817527932438246,-0.014602041508114227,-0.031213379333273956,-0.008830698282665788,-0.02152472419620372,-0.007929466763405208,-0.05586907033662511,-0.049026377794596634,-0.05932139003866151,-0.05779222260771325,0.10859347649918218,-0.06998511684840046,0.005248456438771319,-0.05937277300613068,0.04576358385697948,0.02644269126057732
-0.07994666673050461,-0.013988011273686644,-0.019817527932438246,-0.014602041508114227,-0.026346250462594388,-0.008500858962668634,-0.024728260190515654,-0.007961033680667591,-0.05553787974034414,-0.05054014131502238,-0.057391383940946304,-0.05758482009340248,0.09130666381071834,-0.058515024617561764,0.003851528100356784,-0.05919500737842493,0.04250351192234625,0.007302358339963738
-0.1014157204560877,0.006237667238691379,-0.019817527932438246,-0.014602041508114227,-0.03121338371369294,-0.00897205809528683,-0.02793179690562358,-0.008045211539559062,-0.05639897654257638,-0.050756393051885014,-0.058970480384582975,-0.05820702744967249,0.09795543842799569,-0.06425007110166264,0.006645381005482358,-0.06043936501248852,0.04207421278142567,0.015728600980080467
-0.09208134927105158,-0.06633682624690035,0.24028752618081375,-0.014602041508114227,-0.020262336253196404,-0.007682148632276131,-0.0023034923728202103,-0.006003895435767901,-0.030566083742724067,-0.026103671694333794,-0.028616735616943747,-0.036844567542352775,0.06604132241926723,-0.011405721454405963,-0.049930174582950675,-0.030397023046774548,0.00417127630998215,-0.01254453933845631
-0.10328259469309492,-0.01517775706853241,-0.019817527932438246,-0.014602041508114227,-0.004444152694328982,-0.0005847184315240883,0.0009000421798997336,-0.0075401431077568625,-0.03427542199793306,-0.027401180169242017,-0.03563494291038252,-0.038918590818837556,0.09130666381071834,-0.03762307396618105,-0.031770120013141175,-0.03750763695578943,-0.016546957646022258,-0.00020840422294365521
-0.10608290604860576,-0.01755724865822394,-0.019817527932438246,-0.014602041508114227,-0.012961634295849563,-0.007823510171959223,-0.017520301680527817,-0.00759012440574488,-0.03473909062115745,-0.02718493037864696,-0.036161311023422155,-0.03995560432370277,0.09795543842799569,-0.03844236542568319,-0.03735782330892333,-0.03804093559878344,-0.010489446053184139,0.0016972993370336737
-0.03700855927933845,-0.025885469222144304,-0.019817527932438246,-0.014602041508114227,-0.012961636486059056,-0.007046033511654088,-0.01912207039847978,-0.007400724074086175,-0.028247745991895185,-0.0228598936951267,-0.027213094158255992,-0.0343557358773254,0.07269009691686663,-0.015911824481667693,-0.04923169909863292,-0.028974900264971574,-0.005610196142476598,-0.009678906746969938
-0.09954884621908047,0.0264633457510694,-0.019817527932438246,-0.014602041508114227,-0.0336469482585432,-0.009066297907815858,-0.028732682706191556,-0.008000492007632226,-0.059313456114809336,-0.0533514172028915,-0.06318140397109802,-0.059866247750820854,0.10327445836117342,-0.07572016289008351,0.020614654960368985,-0.06292807980064934,0.053947308298985155,0.0341312629479569
-0.09488166062656242,-0.08061377578504954,-0.019817527932438246,-0.014602041508114227,0.00650687724449162,-0.003252882675487394,-0.011914116213267913,-0.00770849957840679,-0.024405931498173786,-0.021994884801408588,-0.020370346587055454,-0.031244699095975402,0.04210573511352605,0.008257295694536801,-0.0583117295266239,-0.022042056303359855,0.0036025956746445907,-0.019107730890999
0.06660296087456251,0.007427413033537145,-0.019817527932438246,-0.014602041508114227,-0.023912687231869824,-0.008406619293266294,-0.02793179762641958,-0.008139911865195085,-0.05500797389207906,-0.04881012547385373,-0.05791774889579304,-0.05696261255047021,0.10194470188190481,-0.06547900939696041,0.004549992269564052,-0.05866171193520678,0.03556748736287479,0.01808080170702123
-0.04167574487185651,-0.008039282299457814,-0.019817527932438246,-0.014602041508114227,-0.00931128879269987,-0.006498264294203085,-0.015117644999619895,-0.0076453661132129995,-0.02751912846850803,-0.0228598936951267,-0.025984910842710037,-0.03352612470010866,0.06537644567560709,-0.011815367184157034,-0.04853323618666014,-0.027730545830683836,-0.004827599235232593,-0.012945549583802098
-0.11448384011513828,-0.09370097952835298,-0.019817527932438246,-0.014602041508114227,0.0052901195024128,-0.005296708103797629,-0.0031043702446322333,-0.00717975732944392,-0.032818183374296754,-0.03042870837785405,-0.029669470263926558,-0.038503786163540596,0.0487545097308034,-0.004851378717943113,-0.042945532890877984,-0.03146361873287462,0.010482579185299861,-0.018334236758519678
-0.004338260131712024,0.01575563359745751,-0.019817527932438246,-0.014602041508114227,-0.028779816540591294,-0.008430178964120915,-0.023126490030971697,-0.00795051137017845,-0.055140451024806955,-0.049026377794596634,-0.05809320419656125,-0.05696261255047021,0.10127982394146537,-0.06588865586407454,0.005946916836275091,-0.059017242230685545,0.032347658609457916,0.01844347103651516
0.019931104949381894,0.0014786840593083146,-0.019817527932438246,-0.014602041508114227,-0.031213385903902432,-0.008830698425792479,-0.031936222304483466,-0.00818989254810498,-0.05553787974034414,-0.049675133005184544,-0.05791774889579304,-0.05779222260771325,0.09928519371048494,-0.062201840609499674,0.0017561374785867296,-0.059550538473847656,0.04267792743978793,0.014002233332399413
-0.09488166062656242,-0.04492140193967656,-0.019817527932438246,-0.014602041508114227,-0.010528070627083103,-0.007422990408131315,-0.011914106122123977,-0.007582232655121727,-0.03420918387867687,-0.027401180169242017,-0.03493312139149043,-0.039540799668405804,0.09064178646866854,-0.0331169635652888,-0.038754749132868874,-0.03679657476494398,-0.00714395244385955,-0.00206128234365034
0.012463608001352997,-0.008039282299457814,-0.019817527932438246,-0.014602041508114227,-0.028779817854716987,-0.008854258287482684,-0.031135335062323504,-0.008118867350754587,-0.05474302123621117,-0.04945888204682893,-0.0565141082266535,-0.05717001487811869,0.09330129703364708,-0.05728608632226398,-0.0003392575435040774,-0.058483945187579475,0.04136317485919953,0.006623793859498103
0.09740638578518171,0.0014786840593083146,-0.019817527932438246,-0.014602041508114227,-0.022695899921962866,-0.008977948205426366,-0.024728260190515654,-0.008024167117451308,-0.05580283221736892,-0.05032388957815974,-0.05826865965523909,-0.05758482009340248,0.09596080640184629,-0.06302113243768333,0.006645381005482358,-0.059728303941564614,0.037311563426244504,0.01342857895892763
-0.09581509774506602,-0.008039282299457814,-0.019817527932438246,-0.014602041508114227,-0.03364695285798313,-0.008924938174709645,-0.03273710594266346,-0.008171478583586944,-0.05626649976753469,-0.05097264537262792,-0.058444114640188005,-0.05820702744967249,0.09463105111935702,-0.061382548412634484,0.005248456438771319,-0.060083833917065795,0.0463002336463572,0.010680134651939621
-0.003404823013208412,-0.07466504681082071,-0.019817527932438246,-0.014602041508114227,0.007723678790760279,-0.005390946850827971,0.0041035810573956475,-0.006224862251435346,-0.01851073530751032,-0.016156082067314736,-0.013878507406656302,-0.026059633438272167,0.03678671637712764,0.017269512809506053,-0.06809021658041518,-0.015464741037338971,-0.00028297992641762506,-0.019327292029047382
-0.08554728944152629,0.031222328930452466,-0.019817527932438246,-0.014602041508114227,-0.029996599689100213,-0.008695228998432279,-0.027130912979125198,-0.008158325876589746,-0.05659769018497258,-0.0561626923122536,-0.0558122867077614,-0.05737741739242945,0.05008426501329267,-0.04090023980418959,0.017122337257418893,-0.05795064974436132,0.04719542383030844,-0.028624187865511803
-0.04167574487185651,-0.0330239439912189,-0.019817527932438246,-0.014602041508114227,-0.015395202345035006,-0.007493670502096827,-0.02392738231870363,-0.007874225347140357,-0.028049031634126594,-0.02264363806572891,-0.027388552301397792,-0.03373352702775714,0.07269009691686663,-0.01836970254698936,-0.04504092162679629,-0.029152668612486814,-0.009978425200399882,-0.010066064120803237
-0.02674075097579872,-0.04611114773452233,-0.019817527932438246,-0.014602041508114227,-0.009311280031861902,-0.007063702978541675,-0.01431676856939986,-0.006643119636548152,-0.02367731218635563,-0.018318601382208657,-0.022124896436544594,-0.030415087918758667,0.0687008323858561,-0.008538193972517974,-0.057613266614651125,-0.023819707780753666,-0.007436179524397877,-0.011465088813862424
0.018997667830878282,-0.02469572342729854,-0.019817527932438246,-0.014602041508114227,-0.02269590736867514,-0.008129788485252656,9.915565853577003e-05,-0.007211322911432779,-0.02506831447916676,-0.021129877853958052,-0.022475804827345982,-0.03165950188464954,0.05673303963057001,-0.0023935080262519693,-0.05551787159256034,-0.024175236476344498,-0.0016636563512698976,-0.015305275130222135
-0.09954884621908047,0.018135125187149038,-0.019817527932438246,-0.014602041508114227,-0.022695903426298052,-0.008200469851455408,-0.025529145991083625,-0.00805310337541244,-0.056067784694393705,-0.04989138513130068,-0.05914593568535117,-0.05779222260771325,0.10260957982234431,-0.0675272402578049,0.0073438451746896255,-0.060083833917065795,0.03670782442602151,0.02121576907448157
0.012463608001352997,0.01218639621292021,-0.019817527932438246,-0.014602041508114227,-0.027563033830124265,-0.008388949524222365,-0.02072383911643174,-0.008116236904528899,-0.05480925917662427,-0.049026377794596634,-0.057040473181500254,-0.05717001487811869,0.09795543842799569,-0.06056325510972472,0.00035921165464118817,-0.05866171193520678,0.04106802979810875,0.011654413359831282
-0.003404823013208412,-0.011608519683995112,-0.019817527932438246,-0.014602041508114227,-0.00444416145516695,-0.006663182021991356,0.004904457487615683,-0.0071797566191920455,-0.03010241511949968,-0.025238662800615676,-0.02931855713583584,-0.03539274938219061,0.06936570972790591,-0.019188997693306748,-0.0401516812429869,-0.03110808523762,-0.008106225753190881,-0.010877000484610422
-0.027674188094302332,-0.07823428419535801,-0.019817527932438246,-0.014602041508114227,-0.002010604357028966,-0.003671070395421167,-0.007108808617820035,-0.007045598563202961,-0.01930559095015366,-0.016156082067314736,-0.015106685984912932,-0.02709664507651456,0.044765245080114924,0.01358269755493119,-0.07018561160250596,-0.016709090671962926,0.0007487346260499284,-0.0176818210701021
0.01433048223836022,-0.11630614963042253,-0.019817527932438246,-0.014602041508114227,-0.020262363630815055,-0.006763308046843083,-0.021524728520979686,-0.008182001522648991,0.1625844651588928,0.16506306026526013,0.1552602812592843,0.16723952072576875,-0.10948630904645294,0.08199360078603402,-0.02478547832106849,0.1559010469704241,-0.07628939328875177,-0.04498543603877244
0.016197356475367446,-0.1067881832716564,-0.019817527932438246,-0.014602041508114227,-0.03121341174837444,-0.00810402512456825,-0.03033443340424364,-0.00801787286534331,0.13145251333986044,0.12419144112660314,0.13367929126592834,0.13446993242445815,-0.17397941302045264,0.1233678526722291,-0.027579336255132064,0.13403590660038545,-0.05338588704403578,-0.047357093773591014
-0.054743864530907085,-0.09727021691289027,-0.019817527932438246,-0.014602041508114227,-0.02877979945695725,-0.008574558695816878,-0.03193617761513177,-0.00803340574711333,0.12986280384300478,0.12094766507366361,0.13403019807763328,0.13218850682032487,-0.1879418605406955,0.13565725037246792,-0.033865508749059484,0.13439143369608836,-0.0490441632296915,-0.047211884807266076
0.037666410200950524,-0.028264960811835837,-0.019817527932438246,-0.014602041508114227,-0.022695865754694792,-0.008341829689521194,-0.026330017375731693,-0.007929467225068926,0.10071800454381334,0.08959112430323012,0.11683559060348238,0.09133019600813572,-0.18461744690291146,0.1954655895919831,-0.1393335090357076,0.11697043001897385,-0.028240407188820302,-0.03847395211454261
0.0964729486666781,-0.12225487860465135,-0.019817527932438246,-0.014602041508114227,-0.01904557194048911,-0.008315460568978616,-0.02552914527028763,-0.0077315201911239174,0.1572191721338479,0.1577104895343251,0.15245299518371594,0.16081004110217464,-0.12344873861500577,0.09551192830189552,-0.03316704583708672,0.15305679820704232,-0.07130295703714688,-0.04469508020673133
-0.0006045116576975753,-0.11154716645103946,-0.019817527932438246,-0.014602041508114227,-0.020262307780473006,-0.00796487584641334,-0.0223256381078155,-0.007621684469076678,0.1633793154362431,0.16787432700567162,0.15613754828854667,0.1659951086265007,-0.0915346190159393,0.08322253428847196,-0.04573939082494156,0.15678986470968137,-0.07838507535912567,-0.04128495834910415
0.029265476134418017,-0.10797792906650217,-0.019817527932438246,-0.014602041508114227,-0.025129560836030778,-0.008836586435150276,9.913403465591226e-05,-0.00752699279430848,0.17742182533345285,0.18841829066431132,0.16157666703383097,0.18383175360321746,-0.04299856885757615,0.03447464451949664,-0.013610059157159193,0.16230059868859353,-0.09437791639485635,-0.0417119887495227
-0.09674853486356964,-0.03897267296544773,-0.019817527932438246,-0.014602041508114227,-0.027563006671526565,-0.009025068434521081,-0.026330017375731693,-0.007866333433159274,0.13661909379556778,0.14192408938814186,0.13350383786007589,0.13384771984164426,-0.062280024343203406,0.09018651538105536,-0.08834567245848797,0.13385814305253402,-0.07410057621657451,-0.03359720461545716
-0.10888321740411659,-0.0996497085025818,0.24028752618081375,-0.014602041508114227,-0.011744817418114456,-0.007299302708651318,-0.011113223925535985,-0.0077690032366015795,0.1364203812262302,0.13543654701360072,0.13894294081439576,0.1330181179975416,-0.12012434292891175,0.1295125570525714,-0.09463184495241539,0.13936886103256688,-0.06093882259310613,-0.038048177033572696
-0.0024713858947048,-0.13296259075826325,-0.019817527932438246,-0.014602041508114227,-0.020262336253196404,-0.00860098147296499,0.004103602681275505,-0.004678091487680183,0.19020578056146767,0.20225839403844958,0.16877031983764001,0.20208316216952923,-0.04366344560123629,0.005799421316030399,0.03598085348196665,0.16958896814602023,-0.10054929190953071,-0.052397405404649385
-0.07527948113798656,-0.05205987670875116,-0.019817527932438246,-0.014602041508114227,-0.03243017584206079,-0.008548264589562479,-0.026330017375731693,-0.007979459816061742,0.12635217636870236,0.11856887845176645,0.13034564497280252,0.12783305047321558,-0.1746443077158028,0.13156077832769622,-0.04085014415495968,0.13065836719344928,-0.05025106919641083,-0.04602399774825198
-0.10981665452262021,-0.12463437019434288,-0.019817527932438246,-0.014602041508114227,-0.01417840298897584,-0.007935425303667136,-0.023927363578007753,-0.008000488427962782,0.1815948071738521,0.19533834235138042,0.16350667028917262,0.18797978148995886,-0.02105761836510173,0.02218526894014936,-0.01570545417925,0.16425601371383883,-0.09946022975887345,-0.03877802330960538
0.059135463926533606,-0.0960804711180445,-0.019817527932438246,-0.014602041508114227,-0.025129450449472374,-0.00823010184703776,-0.013515860424156038,-0.00736777548964813,0.12847180691548665,0.12202891208037132,0.12981926896428067,0.1317736872320454,-0.164006273833344,0.11476529603427196,-0.02338855249712295,0.1301250605510156,-0.05516357617431138,-0.0474621857466534
0.02553172766040357,-0.12463437019434288,-0.019817527932438246,-0.014602041508114227,-0.025129476731986282,-0.008371491932543893,-0.029533542558103698,-0.008072873563043002,0.13416829053681256,0.12505644028898336,0.13648656155053226,0.13882537570520775,-0.1932608744899766,0.12623538384093236,-0.012213133333213652,0.13688013936488794,-0.05128885400039256,-0.04944018772250713
-0.004338260131712024,-0.05800860568297999,-0.019817527932438246,-0.014602041508114227,-0.03486370512453822,-0.008954387588345299,-0.03033443340424364,-0.00821093689634654,0.1158203028879501,0.10927005960547591,0.12508197963337064,0.10999642416272697,-0.1546979635187221,0.15982638160911816,-0.10999804787433377,0.12532539676238855,-0.04455954660752302,-0.03904158272896413
0.01713079359387106,-0.1174958954252683,-0.019817527932438246,-0.014602041508114227,-0.01417843146169924,-0.007652703814597501,-0.02472827229988837,-0.007455959794130997,0.16192208396633087,0.16484679879705957,0.15420754503320505,0.16661732867580584,-0.10483217782472869,0.07871642757439495,-0.024087015409095726,0.1548344496844361,-0.07723468510750633,-0.044750349748532675
0.05260140409700832,-0.11392665804073099,-0.019817527932438246,-0.014602041508114227,-0.02634626951741697,-0.008359497947783403,-0.030334451424143517,-0.008084670541262978,0.1806012622114743,0.1938245743545393,0.16192757384553594,0.18818718195098452,-0.025046878827062517,0.017269512809506053,-0.0031331091913951604,0.16265612578429647,-0.09948733259513282,-0.04099237133090526
-0.016472942672258985,-0.12106513280980559,-0.019817527932438246,-0.014602041508114227,-0.027563146406892162,-0.008274522121542454,-0.02072383911643174,-0.007976219718037428,0.16039860901186934,0.16117052510919755,0.15455845184491,0.16495809512163548,-0.12344873861500577,0.09059616479762168,-0.02478547832106849,0.15518997678013902,-0.07278469782492832,-0.04568717291782318
0.09460607442967088,-0.047300893529368095,-0.019817527932438246,-0.014602041508114227,-0.02269589335133439,-0.008271149468331957,-0.02232565684851137,-0.007905792527195933,0.0957501366574436,0.08094105482872475,0.11508103285851101,0.08614512848380969,-0.21453693028710086,0.2138996658648574,-0.1393335090357076,0.1151927705421404,-0.018611923330914593,-0.03986218017319214
-0.029541062331309556,-0.11154716645103946,-0.019817527932438246,-0.014602041508114227,-0.015395167301683135,-0.0071402614446679025,-0.01752027573187199,-0.007148184218785196,0.16344555892079235,0.16744182742448152,0.15596207909172977,0.1668247179370946,-0.09618876818935361,0.08158395874309822,-0.0380562925070686,0.1566120851629506,-0.07812090531578648,-0.04246631153692453
-0.06034448724192876,-0.08418301316958685,-0.019817527932438246,-0.014602041508114227,-0.026346243234903064,-0.008147452227072671,-0.02633003467483558,-0.007740064308093401,0.133307187832758,0.1324090110199184,0.13455657408615512,0.13135888444337124,-0.11679997117840445,0.118042469245911,-0.07856718540469669,0.13492474033852198,-0.06233064150469772,-0.03944663838539521
0.0507345298600011,-0.025885469222144304,-0.019817527932438246,-0.014602041508114227,-0.03243009217605818,-0.008483186092546436,-0.028732706636618595,-0.008032056510038237,0.17497099524823248,0.18193069963308073,0.16298031007161518,0.18072069068914803,-0.07823707815883998,0.05946306721564905,-0.01919777502528634,0.16372272307028443,-0.08584263645520746,-0.04384024758404246
-0.011805757079740922,-0.1103574206561937,-0.019817527932438246,-0.014602041508114227,-0.0299965635506436,-0.00866292570222311,-0.01992294682869981,-0.007754738893088721,0.13622166865689264,0.1319765114387283,0.13596020133297487,0.1392401784938819,-0.15004382631310115,0.10984954359044388,-0.02967472499105037,0.1363468487213336,-0.060199386847630924,-0.04634968882668069
-0.020206691146273433,-0.06990606363143764,-0.019817527932438246,-0.014602041508114227,-0.027563033830124265,-0.00798380387398916,-0.01832122135850756,-0.007613502857561199,0.12820685086159986,0.12332643417915261,0.12981926896428067,0.1296996732886747,-0.149378949569441,0.1164038715796457,-0.04154860706693245,0.1301250605510156,-0.05672670397337175,-0.04502494533322065
0.04606734426748304,-0.08656250475927837,-0.019817527932438246,-0.014602041508114227,-0.020262307780473006,-0.007886939070268799,-0.023927363578007753,-0.007589607676198938,0.12582226426092877,0.12008264450234003,0.1291174553408708,0.12617381878566802,-0.15536284624627889,0.12623538384093236,-0.05202555703269648,0.12941400635960984,-0.05351966382502462,-0.04421998837088603
-0.04167574487185651,-0.09845996270773603,-0.019817527932438246,-0.014602041508114227,-0.028779826615554956,-0.008182707193190098,-0.02713090822187163,-0.007717720565412261,0.13165123485135308,0.12311017271095206,0.13420565148348573,0.13550693286296364,-0.1859472063741284,0.12582574179799655,-0.01919777502528634,0.1345691972439398,-0.0514766210284329,-0.048540278929369976
-0.05381042741240347,-0.061577843067517284,-0.019817527932438246,-0.014602041508114227,-0.005660941099340685,-0.007682147360038892,-0.015918550261679737,-0.008053104369765062,0.158941359657647,0.16073802552800742,0.15297935540127333,0.16267666391763377,-0.11281069276475361,0.08854794720931211,-0.032468576638941454,0.15359008885059666,-0.07410819826170886,-0.04432921890594685
-0.030474499449813168,-0.07942402999020377,-0.019817527932438246,-0.014602041508114227,-0.03243020387674228,-0.009048628265995652,-0.02552914527028763,-0.007863702042298592,0.1590076031421962,0.1613867651684547,0.1526284485895684,0.16267666391763377,-0.10749168479936923,0.08568041604060887,-0.03316704583708672,0.15323456175489375,-0.07520712677705782,-0.04375366602814996
-0.05381042741240347,-0.10797792906650217,-0.019817527932438246,-0.014602041508114227,-0.021479129038627098,-0.007405513685185368,-0.011914097472572037,-0.0073350943860658584,0.15940502828087133,0.15987301663428932,0.15508482785343183,0.162469274656345,-0.12544336286208949,0.10042767705890832,-0.03945321833101414,0.15572328342257263,-0.07077553585571027,-0.04406254114887651
0.0003289254608060369,-0.09132148793866143,0.24028752618081375,-0.014602041508114227,-0.028779854212194554,-0.008123097248914302,-0.006307899030984219,-0.007710949947372327,0.1564243218564976,0.1553317223751037,0.1531548088071258,0.15977302946393226,-0.13741115621576525,0.10534342581592113,-0.03526243457300503,0.1537678523984481,-0.06788532936634518,-0.04512455027392282
-0.022073565383280657,-0.0020905533252289837,0.24028752618081375,-0.014602041508114227,-0.027563033830124265,-0.007754692076707153,-0.01591853152098386,-0.0076353374135712995,-0.060240790678611586,-0.06200149465709394,-0.060023211083824676,-0.05820702744967249,0.03279745172643917,-0.047864225689632826,0.04715627138864146,-0.06221701808977026,0.12788248490456192,-0.05228726997500368
-0.09674853486356964,-0.0009008075303832176,-0.019817527932438246,-0.014602041508114227,-0.032430166643180915,-0.008453766242523612,-0.031135335783119496,-0.00797945960298618,-0.06534113104778862,-0.06416401436124138,-0.06756778301629092,-0.06318468844644873,0.0640466909915075,-0.06916582465153527,0.050648589468761905,-0.06986092712202571,0.04026307489180399,-0.04897810152844043
-0.07434604401948294,-0.0401624187602935,-0.019817527932438246,-0.014602041508114227,-0.025129470161357807,-0.008553868730986425,-0.026330029917582008,-0.007929466905455583,-0.06222793622357157,-0.0639477624102893,-0.05932139003866151,-0.0633920909794257,0.03479208614614724,-0.030659085499967143,0.015725408290387106,-0.06150595637889119,0.1712695999953781,-0.03475448938162314
-0.09954884621908047,-0.04254191034998503,-0.019817527932438246,-0.014602041508114227,-0.008094506958316637,-0.005974610810697739,-0.010312343170539976,-0.007025400633483759,-0.06110188712315764,-0.0617852429202313,-0.060549576828219646,-0.0604884556670777,0.04343549159279465,-0.046225641664583976,0.03318699869098933,-0.06275031433293238,0.1337403719404621,-0.03943814834502541
-0.06781198418995765,-0.02469572342729854,-0.019817527932438246,-0.014602041508114227,-0.026346250462594388,-0.008288819809882645,-0.02552914527028763,-0.007863702681525279,-0.061168125600100036,-0.06286650257767826,-0.059496845339429706,-0.060903260695699214,0.034127208205707776,-0.03844236542568319,0.029694680988039228,-0.06168372184660815,0.1449877994840328,-0.04086762007941079
-0.06594510995295043,-0.037782927170601964,-0.019817527932438246,-0.014602041508114227,-0.010528075007502085,-0.006645512714133424,-0.02552914527028763,-0.008084669909138809,-0.06050574369216566,-0.06308275450916766,-0.056865018196551334,-0.06173287075294226,0.025483801562281028,-0.02410475013713481,0.014328482466441564,-0.059017242230685545,0.15870300790896558,-0.037540957004206746
-0.04167574487185651,-0.04254191034998503,-0.019817527932438246,0.24093368488388478,0.49200337452556414,0.9021384492349919,0.607169602115361,0.9763767335379323,0.054285023926996565,0.050233273161414314,0.05525082930165224,0.05648658256371752,-0.08156146187714064,0.05127014524699719,-0.0017361833674496188,0.05457480076682188,-0.035584437846557564,-0.04798291709418361
0.01433048223836022,0.0014786840593083146,-0.019817527932438246,-0.014602041508114227,-0.020262336253196404,-0.008388949190260089,-0.021524721313019735,-0.007519099268055643,-0.0618305075080344,-0.06373151045933724,-0.059847756098875764,-0.06173287075294226,0.03279745172643917,-0.036803778819863665,0.028297754535476442,-0.06203925294203088,0.16751314275171164,-0.04112234346929378
-0.05194355317539625,0.019324870981994806,-0.019817527932438246,-0.014602041508114227,0.019891492754173595,-0.006275740459401593,-0.007108801409860082,-0.00708084864781374,-0.03401046952090828,-0.033023733112740816,-0.03388039306089339,-0.03477054053262235,0.03678671637712764,-0.026972270245392282,0.0073438451746896255,-0.03359679890585927,-0.011141999612325471,-0.016076786478978734
-0.10794978028561299,-0.050870130913905395,-0.019817527932438246,-0.014602041508114227,0.02232506956419701,0.012773776548980703,0.20272291073299098,0.042524713953514814,-0.02407474090189281,-0.03042870837785405,-0.01949307008321444,-0.023155997117947833,-0.039009314379512036,0.012353752992047475,0.019916190162544464,-0.021153228964775023,0.02769601118184021,-0.04839927062565226
-0.11075009164112382,-0.049680385119059624,-0.019817527932438246,0.24093368488388478,0.04787751217854927,0.004804628793992844,0.044948697060294605,0.011981262539146375,-0.04401243447074894,-0.04924262992071279,-0.039670410722400434,-0.043688849954621016,-0.012414214713623316,-0.005670677551075759,0.022710045582139043,-0.04159623855357106,0.06235337433943502,-0.0464940017699363
-0.04727636758287819,0.007427413033537145,-0.019817527932438246,-0.014602041508114227,-0.03729729901819567,-0.009048627898637149,-0.03594064251361218,-0.008245134334411059,-0.06540736934588791,-0.06416401436124138,-0.0670414174298056,-0.0640142985970229,0.06471156773516763,-0.0650693629298463,0.042965489516484094,-0.0693276310388524,0.17549562086030965,-0.03344551944278954
-0.07807979249349739,-0.056818859888134225,-0.019817527932438246,0.24093368488388478,0.29488447643243665,0.02133657564422025,0.3460812621662073,0.014258457892747886,0.03202900154946659,0.028175566807411966,0.03384529271414874,0.03325748826787721,-0.061615135631749925,0.038980758607204145,-0.0017361833674496188,0.032887423944634675,-0.03816449860317025,-0.04508313360363396
-0.08274697808601546,0.0264633457510694,-0.019817527932438246,-0.014602041508114227,-0.036080515431644845,-0.008783578495673515,-0.019122068956887787,-0.006800955643363813,-0.06481122555720974,-0.06351525848892249,-0.06721687273057379,-0.0625624808101853,0.06471156773516763,-0.06998511684840046,0.051347053135075364,-0.06950539650656935,-0.05214585180489216,-0.052810046206865406
-0.028607625212805944,0.025273599956223636,-0.019817527932438246,-0.014602041508114227,-0.03243016730024376,-0.00890726825617784,-0.030334451856621113,-0.008147803502177937,-0.06428132006663086,-0.06416401436124138,-0.06405867984330045,-0.0640142985970229,0.053408652321931344,-0.05114139410841204,0.031091608697836517,-0.06630562064748463,0.17549562086030965,-0.03344551944278954
-0.09954884621908047,-0.03897267296544773,-0.019817527932438246,-0.014602041508114227,-0.019045554418813174,-0.008500858962668634,-0.02793179762641958,-0.008108345054470485,-0.061300601838612426,-0.06308275450916766,-0.058619569625136925,-0.06214767578156378,0.033462330265268306,-0.03147838064628453,0.01851926182412993,-0.060794895307967285,0.15302394531002794,-0.03654732952092685
-0.05287699029389986,-0.02350597763245277,-0.019817527932438246,-0.014602041508114227,-0.027563032735019522,-0.008176909862541479,-0.02152472419620372,-0.007582232321303347,-0.06249288941596876,-0.0639477624102893,-0.060549576828219646,-0.06276988332449605,0.03745159491595678,-0.03762307396618105,0.02480543431805735,-0.06275031433293238,0.1717391544884454,-0.037485190657535264
-0.07434604401948294,-0.01755724865822394,-0.019817527932438246,0.24093368488388478,0.5163389893111339,0.01125273423487499,0.3556918658243672,0.0030488302728047113,0.022755657699875097,0.017146724334882475,0.02700254672204464,0.022887366285584836,-0.07025853928322834,0.04840262145192447,-0.008720818773349804,0.025954581582910884,-0.019551120556294252,-0.0452488978714603
-0.06127792436043237,-0.028264960811835837,-0.019817527932438246,-0.014602041508114227,-0.025129466876043567,-0.00777639055989957,-0.023126492337518886,-0.008013644806962166,-0.06269160359489424,-0.0639477624102893,-0.06072503212898784,-0.06318468844644873,0.039446226942106186,-0.03762307396618105,0.022710045582139043,-0.06292807980064934,0.1712695999953781,-0.03590061378124238
-0.05381042741240347,0.01575563359745751,-0.019817527932438246,-0.014602041508114227,0.10506633505189332,-0.0031983735119721114,0.0009000421798997336,-0.005995346418060488,-0.03858090511487884,-0.04664760615895981,-0.029494012120784757,-0.04120002015621645,-0.04299856885757615,0.032016773827805496,-0.00941928168532258,-0.03128585038535938,0.07229009613676009,-0.04289881566242999
0.09460607442967088,-0.01517775706853241,-0.019817527932438246,-0.014602041508114227,-0.03486373272117782,-0.008954388144949093,-0.030334451856621113,-0.00811623678378608,-0.06335398568167172,-0.0639477624102893,-0.062479582925934855,-0.06318468844644873,0.04609500155938353,-0.04581599593483291,0.029694680988039228,-0.0647057322379759,0.16873399964734953,-0.036177436116330376
0.09927326002218893,0.0014786840593083146,-0.019817527932438246,-0.014602041508114227,0.033276123595322026,0.014699803782047494,-0.011113223925535985,-0.0036968903848606026,-0.06096941088464524,-0.06135273905725252,-0.06019866606877359,-0.060903260695699214,0.04609500155938353,-0.04458705505876445,0.027599290366269173,-0.062394783237509646,0.14365920551289899,-0.034534134242934104
-0.020206691146273433,0.0026684298541540807,-0.019817527932438246,-0.014602041508114227,-0.021479118087579636,-0.007779365289107778,-0.025529143396218038,-0.007775242373164148,-0.06315527096621693,-0.06329900653797042,-0.06335685927186621,-0.06214767578156378,0.05008426501329267,-0.053189624600575004,0.03807624473235396,-0.06559455941657194,0.15231288913140623,-0.03979603858909906
-0.11541727723364188,-0.049680385119059624,-0.019817527932438246,-0.014602041508114227,0.2243110643319245,0.4162378742471729,0.09540440230543351,0.13759324836609302,-0.028181507872638987,-0.036916268268803384,-0.021247621511800027,-0.02771885392608281,-0.05762587516978913,0.025462431091342646,0.017122337257418893,-0.022930882042056764,0.052350816937091156,-0.04870513830261145
0.09833982290368533,0.0014786840593083146,-0.019817527932438246,-0.014602041508114227,-0.036080515431644845,-0.008924938142903713,-0.03353798886004744,-0.00815832579135952,-0.06514241651117691,-0.06416401436124138,-0.06633959685837136,-0.0640142985970229,0.06205205836696842,-0.061792194142385556,0.04017163535412401,-0.06861656980793969,0.17549562086030965,-0.03344551944278954
-0.06221136147893598,-0.016367502863378177,-0.019817527932438246,-0.014602041508114227,-0.02269590211217236,-0.008695228998432279,0.0033026945360316844,-0.007074534579678456,-0.05865107492224737,-0.06135273905725252,-0.05616319667765923,-0.05841443015064553,0.02282429458764049,-0.030659085499967143,0.028297754535476442,-0.05830618003984009,0.13426123907590293,-0.041846494232351115
-0.06127792436043237,-0.0032802991200747496,-0.019817527932438246,-0.014602041508114227,0.005290108551365339,-0.005937318038583465,-0.01671942092553181,-0.006938122539367015,-0.03222203851255998,-0.04362007989661536,-0.01721215369978212,-0.0387111903578119,-0.07890194891860342,0.07871642757439495,-0.051327094120723706,-0.018842280444275144,0.07851350968125712,-0.03951654592783414
0.01433048223836022,0.0026684298541540807,-0.019817527932438246,-0.014602041508114227,-0.027563036677396603,-0.008742348499171174,0.0009000421798997336,-0.005583004862857173,-0.059313456114809336,-0.06113648693113637,-0.0572159286401781,-0.05945144290886161,0.0314676982391189,-0.033936258711606195,0.02480543431805735,-0.05937277300613068,0.1308278956912813,-0.03964873150934939
0.0021957996978132616,0.02408385416137787,-0.019817527932438246,-0.014602041508114227,-0.00931128879269987,-0.008901378360728336,-0.024728261055470848,-0.007834766558512002,-0.05884978928001596,-0.062433998714699485,-0.05458410023402256,-0.059866247750820854,0.014845761695925533,-0.01836970254698936,0.015725408290387106,-0.05670629211029773,0.14974680060284026,-0.040676567556543586
-0.09488166062656242,0.007427413033537145,-0.019817527932438246,-0.014602041508114227,-0.03121338371369294,-0.008972058049168228,-0.03193622057457308,-0.008158325770051964,-0.06540736934588791,-0.06416401436124138,-0.0670414174298056,-0.0640142985970229,0.06471156773516763,-0.0650693629298463,0.042965489516484094,-0.0693276310388524,0.1078793478760568,-0.03344551944278954
0.06193577528204445,-0.0044700449149205155,-0.019817527932438246,-0.014602041508114227,-0.01782877915505842,-0.007038124330801339,-0.023927354928455814,-0.007717720920538199,0.00493758394721724,0.00633411802907499,0.006649746360620408,0.0015249004050721007,0.008861865019087655,0.016040568246622335,-0.036659360396950565,0.005333802046711685,-0.046101344851137545,-0.02952451361987923
0.08807201460014559,-0.050870130913905395,-0.019817527932438246,-0.014602041508114227,-0.01417844460295619,-0.00857153915205194,-0.02793179762641958,-0.007603278178119888,0.004672633258623461,0.00655037949727552,0.006649746360620408,0.000487892500075345,0.013516008208605275,0.017679154852441852,-0.04434246500099602,0.005333802046711685,-0.04267927174802397,-0.027601461811267464
0.010596733764345771,-0.0925112337335072,-0.019817527932438246,-0.014602041508114227,-0.015395208915663485,-0.006639684436313977,-0.007909690814408028,-0.007182112098507208,0.02858461577128238,0.029473079174855345,0.03121347583539725,0.02433917884587855,-0.015073721688263854,0.041848275028646346,-0.05551787159256034,0.030220954727983612,-0.04985909829888675,-0.03129460719334366
-0.054743864530907085,0.04430953267375589,-0.019817527932438246,-0.014602041508114227,0.02354186892025618,-0.002663877704660543,0.002501813781035679,-0.007961033680667591,-0.025465743194703936,-0.028698696429220554,-0.019668525068163356,-0.028963267891973687,-0.009089825011425978,0.019727383501197196,-0.024087015409095726,-0.021330994112514406,0.0008469996749976198,-0.035411917476319645
0.06100233816354084,-0.02112648604276124,-0.019817527932438246,-0.014602041508114227,-0.0007937984303413208,-0.005443952547986598,-0.006307927862824023,-0.007074532661998396,0.015469453851107472,0.016065455919231413,0.019457974473759125,0.010028408905019447,-0.007095188796548896,0.04061934521302366,-0.06180404408648776,0.01831067223067786,-0.03871523624443302,-0.029084575164352984
-0.08181354096751184,-0.053249622503596925,-0.019817527932438246,-0.014602041508114227,-0.020262323111939456,-0.008813029102031581,-0.0007017135637243188,-0.006224863245787969,0.012025071649785269,0.01584920612863635,0.012439771917609683,0.007746975834394916,0.025483801562281028,0.012763398721798545,-0.04853323618666014,0.01120006312132677,-0.04999628902583995,-0.024204820221500167
0.06846983511156973,0.0050479214438456125,-0.019817527932438246,-0.014602041508114227,0.011374022103700478,-0.0021220000588316034,0.08579378423135377,0.03402275043275682,0.00652729880936595,0.009794153603947447,0.006649746360620408,0.003184122759505568,0.02481892481862089,0.00620906704578147,-0.036659360396950565,0.005333802046711685,-0.053013782147582456,-0.02519290744332663
0.06193577528204445,-0.025885469222144304,-0.019817527932438246,-0.014602041508114227,-0.017828750682335023,-0.007856328724250003,-0.021524719871427747,-0.007423577209411397,0.014210929585239737,0.011740421181978732,0.020686160947497964,0.00878399120588294,-0.03435515922220107,0.05700517808988161,-0.061105581174514985,0.019555029864741454,-0.030578619388363506,-0.033441416366853244
0.11047450544423228,-0.0032802991200747496,-0.019817527932438246,-0.014602041508114227,0.055178218516315096,-0.0021624540224243626,-0.015117659415539797,-0.006963691464783113,0.019245032014003675,0.022985527068976327,0.019457974473759125,0.015213467096231411,0.018835028141783013,0.017269512809506053,-0.04923169909863292,0.01831067223067786,-0.05413292657824982,-0.025298793417029664
0.09833982290368533,-0.006849536504612048,-0.019817527932438246,-0.014602041508114227,0.0296257868530103,-0.007618429202690167,-0.01671943245826773,-0.007654891159045759,0.0034803435351499113,0.001144078290639351,0.009106125624483867,-0.000963923793464007,-0.024382008067299083,0.04225791707158217,-0.04643785373691432,0.007822523714390597,-0.02683822168729947,-0.03397069541960427
0.024598290541899957,-0.0401624187602935,-0.019817527932438246,-0.014602041508114227,0.14156981198548518,-0.0018164563830286042,-0.027130916438945975,-0.007989406197511238,-0.00963481838502499,-0.010966032597541203,-0.0047548355565412235,-0.014030285368300694,-0.004435681821908358,0.02628172992447529,-0.0401516812429869,-0.006220940555787725,-0.021894803589031703,-0.03132284522730091
0.04793421850449026,-0.027075215016990072,-0.019817527932438246,-0.014602041508114227,0.00042296807257546286,-0.007864739325604395,-0.016719412275979867,-0.007803200159733488,0.032691382742028555,0.03379811780464319,0.03612621857215973,0.027242818899448525,-0.016403475175584114,0.05086049951724612,-0.06948715497670571,0.035198382064462144,-0.047043596980036136,-0.029532950431155808
-0.006205134368719249,0.0038581756489998466,-0.019817527932438246,-0.014602041508114227,-0.027563033830124265,-0.008459629602284911,-0.011113221042352002,-0.0067588664014072534,-0.029572511953881126,-0.03280748332214576,-0.02423035941412445,-0.032489111195243454,-0.005765435309228626,0.01317305182518012,-0.016403917091222766,-0.025952892753402096,0.004213509438311425,-0.03630256884299296
-0.07714635537499379,-0.07823428419535801,-0.019817527932438246,-0.014602041508114227,-0.011744817418114456,-0.007544210698904941,-0.023126509492463566,-0.008006831524092158,0.051171839475679375,0.051530777743787386,0.05595264292506212,0.04466462562165763,-0.038344437635851894,0.07543925436275592,-0.08834567245848797,0.055285854958227694,-0.04760479249320581,-0.030620278861547372
0.08620514036313837,0.0300325831356067,-0.019817527932438246,-0.014602041508114227,0.002856542692389385,-0.00503754320040731,-0.022325610717567685,-0.007905791497330715,-0.014337728429076935,-0.022427386328866275,-0.0038775574736037654,-0.018800548237329778,-0.06294490108686354,0.06151128849077386,-0.038754749132868874,-0.00533211161731496,0.018420879859444503,-0.03981421632443628
-0.10328259469309492,0.02765309154591517,0.24028752618081375,-0.014602041508114227,-0.022695899921962866,-0.008341829880356779,-0.021524721313019735,-0.007740066367823836,-0.04739058391810797,-0.048593873736991096,-0.04475861160230472,-0.048873911879078615,0.02747843358843043,-0.02041793488255995,0.005946916836275091,-0.04675143423756482,0.019666410273643083,-0.034089396297501844
-0.09581509774506602,-0.04254191034998503,-0.019817527932438246,-0.014602041508114227,-0.0007937852890843702,-0.007093497184371942,-0.02072383911643174,-0.007823258148525945,0.04819112410915056,0.04439447042732046,0.05735629543742499,0.04051657906868805,-0.07424781769687916,0.10370485027054738,-0.09882261613807951,0.05670798893924618,-0.03454427971115675,-0.03391916078584439
0.004996111053324098,-0.10797792906650217,-0.019817527932438246,-0.014602041508114227,-0.01782876601380147,-0.007430642119972912,-0.025529135611621293,-0.007671940456976991,0.04004381934475935,0.04136693443363811,0.042442604346706415,0.0355389157386333,-0.02039274162144159,0.04963154758073189,-0.06320098248277829,0.041597933782631574,-0.05301340180600888,-0.031140114186008285
0.03486609884543969,0.043119786878910125,-0.019817527932438246,-0.014602041508114227,0.005290108551365339,-0.007568548183801278,-0.005507032691908119,-0.007232398144266832,-0.019636785123296658,-0.015074823383001562,-0.0228267179554367,-0.020044962203220655,0.058062793716279947,-0.03844236542568319,0.004549992269564052,-0.02453076997159912,-0.06705715841038967,-0.020500159612255743
0.023664853423396342,0.04193004108406436,-0.019817527932438246,-0.014602041508114227,0.005290115121993813,-0.006498262703906537,-0.017520298797343833,-0.007968925594648674,-0.05123239662339835,-0.05054014131502238,-0.050197722452106824,-0.052607159376619674,0.04808963179036393,-0.034755550171108325,0.008740772884486915,-0.05226216021703735,0.024298115631875346,-0.026749898342054306
0.0357995359639433,-0.06514708045205458,-0.019817527932438246,-0.014602041508114227,-0.0020105758843055664,-0.005579427207422442,-0.015117642116435912,-0.007582232655121727,0.03520843842748804,0.03704189969638543,0.0382316752333538,0.029524242636958964,-0.011749331986066505,0.05004119699729821,-0.07297946953656954,0.03733156063755884,-0.04812916789932128,-0.028562309044634696
0.058202026808029994,-0.050870130913905395,-0.019817527932438246,-0.014602041508114227,-0.0129616518175255,-0.007964869803286458,-0.018321183877115812,-0.0077611126223814265,0.00612987367069079,0.009361654022757335,0.005772476173165171,0.003391523220531225,0.02481892481862089,0.002522251791206609,-0.03037318790302315,0.0044449811076785715,-0.05431294072365448,-0.026716599108482664
0.01433048223836022,-0.059198351477825754,-0.019817527932438246,-0.014602041508114227,-0.004444174596423901,-0.007779364255415023,-0.02633003467483558,-0.007553302086278107,0.01646302563995041,0.024715540963877403,0.011211582285677943,0.01459126011328597,0.06271693630740789,-0.02328545499081742,-0.026182404145014035,0.009955702287487303,-0.07517819951833833,-0.01513443191975033
0.103940445614707,-0.006849536504612048,-0.019817527932438246,-0.014602041508114227,-0.025129450449472374,-0.008453765670016853,-0.019122066073703807,-0.00773855561237006,0.015734409904994275,0.012821683758827059,0.02279162234598138,0.010028408905019447,-0.039674185139275495,0.06233059101072177,-0.06459790202055132,0.021688213237501957,-0.02822236074183753,-0.03367107772534155
-0.011805757079740922,-0.03897267296544773,-0.019817527932438246,-0.014602041508114227,0.11966773896658701,0.0019497454468621834,-0.01912207616484774,-0.00764128918932814,0.05024451117138567,0.04807075190025282,0.05647901893358398,0.044457225160631955,-0.06095025888808978,0.08486113195473725,-0.08066256156827002,0.05581916160066135,-0.04408456387951773,-0.0340850581264038
0.06753639799306611,-0.0020905533252289837,-0.019817527932438246,-0.014602041508114227,0.43238094417926376,0.018516253098763733,-0.023927377128972464,-0.007623599194488867,0.00705720555184652,0.00871289102709912,0.00857975435325135,0.0035989236815568947,0.009526741762747796,0.016450213976373407,-0.0380562925070686,0.007289221871620735,-0.04340533164103985,-0.029060369234207725
0.015263919356863833,-0.12582411598918866,0.24028752618081375,0.4964694112758838,0.03936004152807614,-0.0020200370824370673,0.034537188140074934,-0.0066191019012250205,0.013416073942596392,0.01433544980940066,0.01577341821073549,0.00961359864985404,-0.0024410515909279594,0.02751065974009799,-0.04434246500099602,0.014577602528262932,-0.04717582805286997,-0.030591233519676173
-0.04260918199036013,-0.11273691224588522,-0.019817527932438246,-0.014602041508114227,0.05152784673065151,-0.0031132174256174247,-0.02552914527028763,-0.0077986338083847265,0.045276636131291875,0.039853172275599674,0.05542629060298693,0.03802775113690631,-0.08688048779421506,0.10821094961099384,-0.09323490655612486,0.054752572314112985,-0.030023993134852527,-0.03566837524749031
0.04140015867496498,-0.02469572342729854,-0.019817527932438246,-0.014602041508114227,-0.020262336253196404,-0.008530310157436423,-0.02472825442414769,-0.008055734404044664,0.037791719713186664,0.039853172275599674,0.04051260109136479,0.03222048036288046,-0.011749331986066505,0.05004119699729821,-0.07297946953656954,0.0396425187573863,-0.04973962844652935,-0.02861893149255557
0.07780420629660585,-0.06871631783659188,-0.019817527932438246,-0.014602041508114227,-0.011744887504818205,-0.00712890100224628,0.3436785896277876,0.009871862060037965,0.035075960400544635,0.0383394140100964,0.03226619627051207,0.03491671062231068,0.0015482148549295198,0.009076583467223684,-0.01710238000319553,0.03128753601509232,-0.06879613485394095,-0.02796365030461924
0.060068901045037225,0.025273599956223636,-0.019817527932438246,-0.014602041508114227,-0.04216443117418948,-0.009095747808082257,-0.037542411375723346,-0.00826617883819778,-0.06633470390969015,-0.06416401436124138,-0.0694977897456447,-0.0640142985970229,0.07401985172064418,-0.076539455160685,0.05274398034197886,-0.07181634566702441,-0.128777637996154,0.0594567783541026
0.060068901045037225,0.02170436257168634,-0.019817527932438246,-0.014602041508114227,-0.04216443117418948,-0.009095747808082257,-0.037542411375723346,-0.00826617883819778,-0.06633470390969015,-0.06416401436124138,-0.0694977897456447,-0.0640142985970229,0.07401985172064418,-0.076539455160685,0.05274398034197886,-0.07181634566702441,-0.128777637996154,0.0594567783541026
0.07967108053361308,0.03598131210983553,-0.019817527932438246,-0.014602041508114227,-0.04216443117418948,-0.009095747808082257,-0.037542411375723346,-0.00826617883819778,-0.06633470390969015,-0.06416401436124138,-0.0694977897456447,-0.0640142985970229,0.07401985172064418,-0.076539455160685,0.05274398034197886,-0.07181634566702441,-0.128777637996154,0.0594567783541026
-0.0631447985974396,-0.0401624187602935,-0.019817527932438246,-0.014602041508114227,-0.004444157074747964,-0.007017741818002549,0.05135575895777455,-0.004925561423053688,-0.03593137676776898,-0.03886253584683467,-0.030722200173620047,-0.038918590818837556,0.0022130915985896487,0.0070283548184683405,-0.014308528355304459,-0.03253020961931091,0.016509350050795728,-0.035013613043212946
0.11047450544423228,-0.03421368978606467,-0.019817527932438246,-0.014602041508114227,-0.027563036020333758,-0.00860098886784394,-0.034338873795660224,-0.008245134337252066,-0.06421508194737467,-0.06373151045933724,-0.06440958997110793,-0.06380689606404591,0.05673303963057001,-0.05400891790348476,0.0324885351503993,-0.0666611511029522,0.16873399964734953,-0.032418481831993765
0.09740638578518171,-0.022316231837607007,-0.019817527932438246,-0.014602041508114227,-0.03121338699900718,-0.008224706861415833,0.0033026945360316844,-0.006816382811244897,-0.030963510669830236,-0.032374975955885336,-0.028265828805238806,-0.032489111195243454,0.012186254721285006,-0.006489965323762643,-0.0017361833674496188,-0.030041495951071646,-0.014513192141093062,-0.03594029607024357
0.09460607442967088,0.009806904623228677,-0.019817527932438246,-0.014602041508114227,-0.04216443117418948,-0.009095747808082257,-0.037542411375723346,-0.00826617883819778,-0.06633470390969015,-0.06416401436124138,-0.0694977897456447,-0.0640142985970229,0.07401985172064418,-0.076539455160685,0.05274398034197886,-0.07181634566702441,-0.128777637996154,0.0594567783541026
0.06660296087456251,-0.0330239439912189,-0.019817527932438246,-0.014602041508114227,-0.00444416145516695,-0.007308546307337648,-0.01832118243552382,-0.007367773429917695,-0.052689637750838084,-0.05097264537262792,-0.05247863883553916,-0.054058976603470435,0.05872767105832975,-0.041719531263691725,0.009439235796459685,-0.054573108737537235,0.027182443561879314,-0.018136087023222107
-0.07621291825649017,0.034791566314989766,-0.019817527932438246,-0.014602041508114227,0.0004229768334134315,-0.006380462441277579,-0.01992295403665976,-0.00767693264693937,-0.0636189381586965,-0.062217746783210084,-0.06493595571550288,-0.06276988332449605,0.06471156773516763,-0.061382548412634484,0.036679317022556675,-0.0671944473461143,0.0685974967219298,-0.026297016345358217
-0.06594510995295043,0.01218639621292021,-0.019817527932438246,-0.014602041508114227,-0.008094502577897657,-0.007493671297245102,-0.030334450559188323,-0.008021536628610507,-0.05673016696001427,-0.057027699843584405,-0.05528592175291466,-0.05758482009340248,0.04343549159279465,-0.03639413309011259,0.016423873088211624,-0.05741735430114319,0.06305794949764304,-0.03138755406163461
0.03019891325292163,-0.04492140193967656,-0.019817527932438246,-0.014602041508114227,-0.015395202345035006,-0.007121767249990428,-0.03433887206574983,-0.008143921308049392,-0.03248699098958476,-0.03583500958449022,-0.027037639173307076,-0.03539274938219061,-0.004435681821908358,0.011534468906175847,-0.015006991267277224,-0.02879713511723219,0.010891230342874451,-0.03639606574524725
-0.02674075097579872,-0.03421368978606467,-0.019817527932438246,-0.014602041508114227,-0.026346243234903064,-0.008642218498578077,-0.03113533275577632,-0.007961033211901353,-0.030168656815617895,-0.033023733112740816,-0.02405490127098265,-0.0343557358773254,-0.0017761748472678305,0.018088800582192924,-0.028976262079077605,-0.02577512440588686,0.008615658879132028,-0.033024024868066666
0.02553172766040357,0.03836080369952706,-0.019817527932438246,-0.014602041508114227,-0.03121338371369294,-0.008123900030611827,0.11782917300631292,0.08535026692540326,-0.053285781897202456,-0.05378392028736325,-0.05212772886564133,-0.05364417232149804,0.03878134840327705,-0.03557484163061046,0.019916190162544464,-0.05421757844205847,0.023358991432077824,-0.034384649206119895
0.07780420629660585,-0.10559843747681064,-0.019817527932438246,-0.014602041508114227,-0.004444152694328982,-0.006342974539776842,-0.031135335062323504,-0.007909740114214525,-0.040501810573308525,-0.04318757447662251,-0.03633676442927462,-0.04244443598873015,0.008196988275427527,-0.004032090945256242,-0.0017361833674496188,-0.03821869914663489,0.01726074677807658,-0.036461275820208854
0.09087232595565643,-0.07228555522112919,-0.019817527932438246,-0.014602041508114227,-0.036080514993602944,-0.008696703918965893,-0.02793179762641958,-0.007870019271054716,-0.05487549801125287,-0.0561626923122536,-0.051425907346749226,-0.05717001487811869,0.03279745172643917,-0.02082758061231102,0.0010576745666139532,-0.05350651625121301,0.07837405211852541,-0.030773290325787937
-0.0015379487762011877,0.034791566314989766,-0.019817527932438246,-0.014602041508114227,-0.04216443117418948,-0.009095747808082257,-0.037542411375723346,-0.00826617883819778,-0.06633470390969015,-0.06416401436124138,-0.0694977897456447,-0.0640142985970229,0.07401985172064418,-0.076539455160685,0.05274398034197886,-0.07181634566702441,-0.128777637996154,0.0594567783541026
-0.09768197198207325,0.013376142007765976,-0.019817527932438246,-0.014602041508114227,-0.027563033830124265,-0.008954387946162025,-0.028732681841236358,-0.008095192290653136,-0.06103564918274454,-0.06200149465709394,-0.05932139003866151,-0.061525468051969213,0.04077598282298512,-0.03803271600911687,0.022011580784314526,-0.06150595637889119,0.12353572841051615,-0.035162148827864594
0.09180576307416004,-0.07228555522112919,-0.019817527932438246,-0.014602041508114227,-0.03486373140705212,-0.008621612930785434,-0.031135336215597095,-0.0079097400289843,-0.05480925917662427,-0.0561626923122536,-0.051425907346749226,-0.05696261255047021,0.032132574982779036,-0.021237226342062085,0.002454600390559495,-0.05350651625121301,0.07519814825275709,-0.03141935844483811
0.05540171545251916,0.0264633457510694,-0.019817527932438246,-0.014602041508114227,-0.026346250462594388,-0.008123097153496508,-0.034338873651501026,-0.008072872781765942,-0.06534113104778862,-0.06351525848892249,-0.06756778301629092,-0.06380689606404591,0.0700305870699557,-0.06916582465153527,0.04436241659766413,-0.06986092712202571,0.03181103316194089,-0.025751626620390294
0.09367263731116726,-0.07704453840051224,-0.019817527932438246,-0.014602041508114227,-0.03486372921684263,-0.008425219846976912,-0.031135335062323504,-0.008021663820516113,-0.051431112769597956,-0.0533514172028915,-0.0472149845497824,-0.054058976603470435,0.02415404807496076,-0.012634654956843905,-0.0038315721033679254,-0.04924014950569201,0.06054795070161466,-0.03229969667469857
-0.06221136147893598,-0.011608519683995112,-0.019817527932438246,-0.014602041508114227,0.033276123595322026,-0.007150446498910761,-0.027130912546647602,-0.007989406595252286,-0.029042605211400545,-0.03129371532530459,-0.02458126780492583,-0.03186690421229802,0.002877968342249778,0.007438007921849916,-0.01570545417925,-0.026308421448992925,-0.0025628994550291155,-0.034833796294774504
0.032999224608432465,-0.09727021691289027,-0.019817527932438246,-0.014602041508114227,-0.02391268613676508,-0.007808142261750999,-0.03433887321902342,-0.008143921350664503,-0.06507617839192073,-0.06308275450916766,-0.06756778301629092,-0.0633920909794257,0.07136034205325013,-0.07080440904526565,0.04575934367884417,-0.06986092712202571,0.03462836012034466,-0.022388297571467944
0.032999224608432465,-0.01517775706853241,-0.019817527932438246,-0.014602041508114227,-0.02391269270739356,-0.00799651177467606,-0.031135346595059427,-0.008072872852791128,-0.009767292835106377,-0.011182288226938992,-0.007386658751678486,-0.011126650914599173,-0.005100558565568497,0.008666937737472614,-0.00941928168532258,-0.008887416171990506,-0.035230619772961505,-0.03756396084399661
0.05726858968952638,-0.13177284496341748,-0.019817527932438246,-0.014602041508114227,-0.03243016927143231,-0.008662923984702838,-0.003905265415548144,-0.006869550988084305,-0.055140451024806955,-0.056595196175232385,-0.05160136391079459,-0.05737741739242945,0.0314676982391189,-0.02041793488255995,0.0017561374785867296,-0.05368428299884034,0.08034985965310762,-0.03183014066454892
0.016197356475367446,-0.013988011273686644,-0.019817527932438246,-0.014602041508114227,-0.01782876601380147,-0.008371495160845885,-0.029533570092510713,-0.008021664033591676,-0.014933873290813708,-0.01637233380417737,-0.012825771180577039,-0.015896908183759818,-0.0011112921197110183,0.002522251791206609,-0.0031331091913951604,-0.014398143751350961,-0.032784378395593894,-0.03824820309440653
0.11887543951076479,0.016945379392303273,-0.019817527932438246,-0.014602041508114227,-0.022695903426298052,-0.008230100097711558,-0.028732682706191556,-0.00776024843761869,-0.06500994027266452,-0.06351525848892249,-0.06669050714408847,-0.06380689606404591,0.06670620035970669,-0.0650693629298463,0.04087009952333128,-0.06897210042339603,0.09942730614619373,-0.029595774068437695
0.07593733205959863,-0.07347530101597495,-0.019817527932438246,-0.014602041508114227,-0.029996601879309713,-0.008453766194814714,-0.030334452865735505,-0.007939840737790449,-0.05368321007621033,-0.05508143168167285,-0.050197722452106824,-0.05592559941892956,0.030802819700289766,-0.01959863973624256,0.0010576745666139532,-0.05226216021703735,0.0677497609954298,-0.03141935844483811
0.10674075697021783,-0.035403435580910435,-0.019817527932438246,-0.014602041508114227,0.033276108263855575,0.012367373085498644,-0.022325607834383702,-0.007653258197654532,-0.04056804869256472,-0.04491759031779116,-0.03335402494785376,-0.04451845926521493,-0.007095188796548896,0.017269512809506053,-0.02199162667317742,-0.03519668683540162,0.046788747406183835,-0.03535725119757488
0.07687076917810225,-0.00922902809430358,-0.019817527932438246,-0.014602041508114227,-0.019045554418813174,-0.00857153915205194,-0.035139757722158604,-0.008242503768863055,-0.06414884382811847,-0.06329900653797042,-0.06493595571550288,-0.0633920909794257,0.06005742634081902,-0.05810537888781069,0.03598085348196665,-0.0671944473461143,0.1552107389650338,-0.032165408544000844
-0.03234137368682039,0.013376142007765976,-0.019817527932438246,-0.014602041508114227,-0.03364695022973174,-0.00906629785692637,-0.023927377128972464,-0.008158325457541141,-0.06255912717753875,-0.062217746783210084,-0.062128672482308085,-0.06276988332449605,0.05407352966398114,-0.048273872156746944,0.025503898487264618,-0.06435020146253076,0.13943360150233208,-0.02984139084762099
-0.03607512216083484,0.08833012708304924,0.24028752618081375,0.24093368488388478,-0.006877703221838487,-0.006787129098838362,-0.019122057424151864,-0.007482156866304522,0.046733874754928184,0.04525946958970069,0.05332082604631064,0.03989437395236543,-0.05164197849295125,0.08445148253817093,-0.089742591996261,0.05261938574157664,-0.04195855185070103,-0.0322755794597087
-0.11261696587813104,0.07881216072428311,-0.019817527932438246,-0.014602041508114227,0.0028565624042748107,-0.0029171511954584513,0.13144418764741272,0.07312608640821355,-0.019040638473128875,-0.018534851172803707,-0.017387607105634584,-0.02128937430248871,0.02016478162910328,-0.004032090945256242,-0.014308528355304459,-0.01902004399212659,-0.046175794432114545,-0.0337385677797964
0.008729859527338547,0.07643266913459158,-0.019817527932438246,-0.014602041508114227,-0.0007938115715982714,-0.006685886049691189,-0.0071087985266761,-0.006998586423456857,0.039845106775421774,0.0383394140100964,0.04753080838480357,0.031805670107715046,-0.046322952575876826,0.0864997001264805,-0.09882261613807951,0.046753132666401194,-0.03522646035751293,-0.030743468726307156
0.11887543951076479,0.0930891102624323,-0.019817527932438246,-0.014602041508114227,0.05882855306841733,-0.0003568853916964778,0.04254602884665077,-0.0041500746189562995,0.0057324395898605855,0.005469118866694766,0.007877935992552137,0.003391523220531225,-0.007095188796548896,0.019727383501197196,-0.026182404145014035,0.006578162880551141,-0.04499045839671554,-0.037057574737091224
0.08807201460014559,0.06334546539128814,-0.019817527932438246,0.24093368488388478,0.004073342048448555,-0.006141108816165943,0.03613895541643491,-0.006248003038769563,0.04150105975682667,0.03963692053873704,0.04998717975318481,0.0328426873458259,-0.05097710773318779,0.0934636885926944,-0.10580725154397969,0.04924184633464045,-0.033095132674864,-0.03061785693780552
0.07500389494109502,0.08000190651912888,-0.019817527932438246,-0.014602041508114227,-0.01417843146169924,-0.007508400941933712,-0.01431676856939986,-0.007467986560139791,0.0221595092612763,0.022985527068976327,0.026300729940441882,0.016250482467719436,-0.010419578498746236,0.04717368426267125,-0.06948715497670571,0.02524352419172923,-0.04029849171956675,-0.0287082942685692
0.07220358358558418,0.08357114390366617,-0.019817527932438246,-0.014602041508114227,-0.017828750682335023,-0.007902536380754098,0.011311528034647566,-0.006498194304198562,0.00824949527532007,0.009577903813352398,0.010509765504075182,0.004221138130993594,0.005537475316890316,0.02259491466990043,-0.04434246500099602,0.009244644896305646,-0.04407202477852025,-0.0289477630874847
0.09180576307416004,0.04549927846860166,-0.019817527932438246,-0.014602041508114227,-0.011744845890837855,-0.004260075843336983,0.09220085333679366,0.013767420998099262,0.008845636560194825,0.0059016184478848785,0.01296613213516709,0.00670996792939816,-0.03435515922220107,0.036113231125316156,-0.02548394751921376,0.011733353764881119,-0.034934756626979833,-0.0417802994191648
-0.03514168504233123,0.08714038128820346,0.24028752618081375,-0.014602041508114227,-0.01296166495878245,-0.007713417838154841,-0.005507037016684089,-0.007080848789864114,0.04381940108451757,0.04288070243047929,0.04998717975318481,0.03699073389879546,-0.044328334312689774,0.07912606961733078,-0.08834567245848797,0.04924184633464045,-0.041291098030073484,-0.03142020123881421
-0.01833981690926621,0.08357114390366617,-0.019817527932438246,-0.014602041508114227,0.028408980926322654,-0.00606597891342895,0.004103585382171624,-0.00671972932136526,0.041169869160545686,0.039204417065011765,0.04910990482844024,0.03325748826787721,-0.05164197849295125,0.08936723129518373,-0.09812415951227922,0.04835302059594355,-0.03491987766462174,-0.03137716108118193
-0.044476056227367354,0.07405317754490004,-0.019817527932438246,-0.014602041508114227,0.022325082705453962,0.0030906288023908966,0.05215663394640259,0.01454606231487014,-0.008111336276839453,-0.007289753070876422,-0.00686029537592819,-0.010297039737382446,0.014180884952265403,0.0021126060614555377,-0.01849930582714107,-0.008354122328660294,-0.046514204107882116,-0.03304081864697997
-0.034208247923827616,0.06810444857067122,-0.019817527932438246,-0.014602041508114227,-0.00931130193395682,-0.00760580178691157,0.017718595698495467,-0.0062144920058724434,0.02381546403111222,0.023850526231356552,0.028932553135579145,0.017494900166855943,-0.01906298215022465,0.05536660991813836,-0.0743763890743426,0.027909999807932007,-0.03721627663293289,-0.029645139616648532
0.08340482900762752,0.04549927846860166,-0.019817527932438246,-0.014602041508114227,0.039360034957447665,-0.00793541406027054,0.1282406675106127,0.005173373321868265,0.005997392066885368,0.004604111919244235,0.00893066906043851,0.003806335342319456,-0.01773322866290438,0.025462431091342646,-0.02478547832106849,0.007644756966763288,-0.038087127998908225,-0.038082829173263874
0.06846983511156973,0.07167368595520851,-0.019817527932438246,-0.014602041508114227,-0.01904557194048911,-0.007216574369007092,0.011311528034647566,-0.007131586555815647,0.03030680866037448,0.03098684717169653,0.03559985835460232,0.023094768613233316,-0.018398111390461193,0.061920945280970696,-0.08625027115022466,0.03466509142090778,-0.03791504017189677,-0.028147614486571652
0.060068901045037225,0.07643266913459158,-0.019817527932438246,-0.014602041508114227,-0.015395193584197036,-0.007499571297438872,0.006506229088751628,-0.006569373403186539,0.020437321737477226,0.021688008862730205,0.025072543466703043,0.013554252208289215,-0.005100558565568497,0.04922190553779607,-0.07856718540469669,0.023999166557665635,-0.03574469857199726,-0.02692834000558435
-0.0006045116576975753,0.08119165231397464,-0.019817527932438246,-0.014602041508114227,0.03449291638075272,-0.00474054005318669,0.009709773732615508,-0.006277379269356607,0.04050748796798374,0.038771917483821666,0.04858353671540063,0.03222048036288046,-0.04898246553441403,0.08977687333811954,-0.10161647407214307,0.04781972195294956,-0.033354215269315104,-0.03083218388168653
0.053534841215511934,0.0752429233397458,0.24028752618081375,-0.014602041508114227,0.038143235601388506,-0.005845244003214514,-0.011914124862819852,-0.007384567264454861,0.020304840133671804,0.021039259490945043,0.025072543466703043,0.013761654535937695,-0.009754701755086106,0.05004119699729821,-0.07507486455866036,0.023999166557665635,-0.036119751876328925,-0.028063184273197116
0.024598290541899957,0.04787877005829319,-0.019817527932438246,-0.014602041508114227,0.002856542692389385,-0.005461623923230042,0.22434679058773047,0.021556540225448225,0.005202536424242023,0.003090345868670636,0.006298839548915467,0.005880353018935791,-0.02371713132363894,0.011944110949111662,0.004549992269564052,0.005156038498860228,-0.048496203603282065,-0.052212984339646766
-0.011805757079740922,0.08833012708304924,-0.019817527932438246,-0.014602041508114227,0.050311104320039116,-0.0043346844468654805,0.03373630738507893,-0.0060482081212162335,0.02368298779259982,0.02276927338584612,0.02875709657153379,0.018324505744204217,-0.02770639178559974,0.05495696050157205,-0.06459790202055132,0.0277322330603047,-0.038612802651839,-0.0324175636301356
0.011530170882849383,0.07048394016036275,-0.019817527932438246,-0.014602041508114227,-0.002010589025562522,-0.0029642715231515513,0.01451507123691945,-0.0017187063115544478,-0.0038720948560118968,-0.0029647105485534277,-0.001772096075120348,-0.007186002956032443,0.011521371993728194,0.011534468906175847,-0.031770120013141175,-0.003198928244554454,-0.041829676911912375,-0.02930826155712649
-0.11261696587813104,0.0930891102624323,-0.019817527932438246,0.4964694112758838,0.01745793346582612,-0.00642588512740549,0.03774071404324293,-0.006046944156981142,0.029710667375499725,0.02752681159682406,0.03665257878971713,0.023302172807504608,-0.044328334312689774,0.07298139104469528,-0.07786872249272392,0.03573167270801648,-0.03479998791516712,-0.03259524234332937
0.10300700849620338,0.08714038128820346,-0.019817527932438246,-0.014602041508114227,-0.005660941099340685,-0.006975351350303064,-0.005507037016684089,-0.007450619197214313,0.018185222105904533,0.017146724334882475,0.022967082068219628,0.013346844280772287,-0.024382008067299083,0.04840262145192447,-0.056914809988850866,0.021865983184905128,-0.03924893762593244,-0.03256813986336098
0.03953328443795775,0.07881216072428311,-0.019817527932438246,-0.014602041508114227,0.04057680803099293,-0.005537105599563494,0.016917725034643394,-0.007169262292626744,0.038122912097898656,0.03574438538267447,0.04489896781960543,0.03201307243536353,-0.05297172599637484,0.07871642757439495,-0.07856718540469669,0.04408663945143119,-0.038857867377254586,-0.033752944070725634
0.11700856527375757,0.06334546539128814,-0.019817527932438246,0.24093368488388478,-0.006877703221838487,-0.007405517183837774,0.01211241743919551,-0.0070620823017719095,0.02964442925624353,0.02752681159682406,0.03735440820409145,0.022265151836148137,-0.04366344560123629,0.07830678553145916,-0.0876472095465152,0.036442742898301586,-0.03197699538868345,-0.03157642862743727
0.1114079425627359,0.08476088969851193,-0.019817527932438246,-0.014602041508114227,-0.00444416145516695,-0.0072773709289552825,-0.00470614617054415,-0.006818962517076701,0.02262317788450069,0.022336764073318114,0.027879826384078554,0.016457882928745095,-0.02105761836510173,0.05536660991813836,-0.07228101291076927,0.026843412121271587,-0.03723609395028222,-0.030227035628055073
0.04980109274149749,0.07405317754490004,-0.019817527932438246,-0.014602041508114227,0.01502438950894509,-0.006223087649047009,0.007307121376483557,-0.0066488637275544955,0.021364653618632955,0.021471759072135155,0.026300729940441882,0.015213467096231411,-0.016403475175584114,0.05208943670649933,-0.0715825499987965,0.02524352419172923,-0.03748465781817466,-0.029532773000845045
0.09740638578518171,0.0859506354933577,-0.019817527932438246,-0.014602041508114227,0.04909428306188504,-0.005473187128461559,0.021723035513275254,-0.006669792435426927,0.018980081325409896,0.018444228917255542,0.023493447023066372,0.013969058730208987,-0.02039274162144159,0.04717368426267125,-0.05901020501094165,0.022399278628123277,-0.0404537623635612,-0.031596225414360184
-0.11168352875962743,0.1037968224160442,-0.019817527932438246,0.24093368488388478,0.0052901195024128,-0.006439955435145221,0.026528337342355168,-0.006410037841589157,0.025405180681691935,0.024283031651349398,0.03209075233923826,0.018324505744204217,-0.031030775503900394,0.06765598181067037,-0.08275795659036081,0.03110978206656845,-0.032150674564838715,-0.030185250789871384
-0.006205134368719249,0.06810444857067122,-0.019817527932438246,-0.014602041508114227,0.0004229812138324183,-0.0067389421592503945,0.007307121376483557,-0.007492953973243739,0.020503559856733418,0.021688008862730205,0.023668900428918838,0.015420875023748339,-0.005765435309228626,0.038980758607204145,-0.060407124548714705,0.022577042175974723,-0.043939504646090505,-0.029082823040034244
-0.03607512216083484,0.08357114390366617,-0.019817527932438246,-0.014602041508114227,0.029625802184476746,-0.0064683245762386585,-0.005507037016684089,-0.006981020900258514,0.04348820512294357,0.04028568158812768,0.051390822790969015,0.0367833334377698,-0.0649395193500506,0.09100581052737275,-0.08694873406219744,0.050663970716331365,-0.037623771552123826,-0.03410997821354985
0.0740704578225914,0.03955054949437283,-0.019817527932438246,-0.014602041508114227,-0.031213377143064464,-0.00865223595146772,-0.008710577335771994,-0.00787001935628494,-0.023942266451811425,-0.03042870837785405,-0.02931855713583584,-0.011126650914599173,-0.04033905589903895,-0.05728608632226398,0.14005193234498997,-0.026486186596732308,-0.010404976753792984,0.18653816001914314
-0.050076678938389026,0.06810444857067122,0.24028752618081375,-0.014602041508114227,-0.015395208915663485,-0.008200470487574028,0.005705348333755623,-0.006940376807790122,-0.026393076864290682,-0.028482440799822765,-0.03563494291038252,-0.013200679790952406,0.0022130915985896487,-0.0863709626291118,0.14494117901497186,-0.028263842873789906,-0.029163867401251896,0.1683027642666736
-0.06034448724192876,0.06929419436551698,0.24028752618081375,-0.014602041508114227,-0.005660941099340685,-0.0071873911551106374,0.0009000421798997336,-0.006782542576604145,-0.03122846493528603,-0.030861215744114476,-0.041249507166037105,-0.019422751487029585,0.028808189469309367,-0.095792823999106,0.13306729693908978,-0.03359679890585927,-0.041849545955715696,0.15656151749707273
-0.020206691146273433,0.1109352971851188,-0.019817527932438246,-0.014602041508114227,-0.022695903426298052,-0.008059110299643003,-0.006307923538048053,-0.007453335200380751,-0.04030309800397095,-0.04297132273975988,-0.04791680448957806,-0.02834106464227388,0.008196988275427527,-0.0863709626291118,0.13865500652104443,-0.04124071145786815,0.002575837733563801,0.16802402124847166
-0.033274810805324004,0.11688402615934762,-0.019817527932438246,-0.014602041508114227,-0.011744856841885318,-0.0067338635472237625,-0.01671941515916385,-0.007140297368899974,-0.0411641935543015,-0.04340382621348514,-0.049846810903112555,-0.02834106464227388,0.012851131464945134,-0.09456388570380823,0.14773503066286292,-0.04124071145786815,0.0069317467672359865,0.1622426852318028
-0.10888321740411659,0.09070961867274077,-0.019817527932438246,-0.014602041508114227,-0.005660930148293227,-0.007841304826991084,-0.017520294472567862,-0.00776024843761869,-0.03950823878446559,-0.038213780636246766,-0.05089954239190249,-0.02688924274886608,0.04410036833645479,-0.1121786705171804,0.14494117901497186,-0.0399963506240287,-0.004364994343397581,0.14397138645595123
0.07033670934857696,0.15138665420987485,-0.019817527932438246,-0.014602041508114227,0.007723672220131803,-0.0068363403484330175,-0.01671941515916385,-0.007537745368455193,-0.049841396119018236,-0.051405149624860216,-0.05791774889579304,-0.03829638383589212,0.02614867830594116,-0.09743140765547333,0.13865500652104443,-0.04977344494891016,0.04264696459296671,0.15673008516380907
0.0357995359639433,0.05144800744283049,-0.019817527932438246,-0.014602041508114227,-0.0032273774305742247,-0.007352310314165802,-0.0023034880480442403,-0.007519099054980082,-0.03599761488702518,-0.04016004821427805,-0.04370588011351479,-0.022533793868248025,-0.009089825011425978,-0.0835034392027206,0.15192581442087202,-0.0362632825215017,0.0069932586492464106,0.17105270342402976
0.05726858968952638,0.05977622800675085,-0.019817527932438246,-0.014602041508114227,-0.010528070627083103,-0.0077763892081475034,-0.0071087985266761,-0.0068561972584991904,-0.035666424290744195,-0.037781277162521505,-0.04493406816635008,-0.022326387807353916,0.009526741762747796,-0.0941542388680126,0.150528882310754,-0.036085514173986456,-0.00815359805686224,0.16293142977634822
-0.11448384011513828,0.145437925235646,-0.019817527932438246,-0.014602041508114227,-0.0007938093813887828,-0.005655995215327959,0.008108002131479561,-0.005938130799891512,-0.05487549801125287,-0.052053904835448125,-0.060023211083824676,-0.05094793888880903,0.0706954644120055,-0.08104556261212505,0.06391939824865367,-0.06026159938478277,-0.07064642054104711,0.13737729985054767
-0.05847761300492153,0.11926351774903915,-0.019817527932438246,-0.014602041508114227,0.012590806128293199,4.283676768974941e-06,-0.013515879164851911,-0.0065300077640914715,-0.054411830818773294,-0.05464892820794758,-0.062128672482308085,-0.04451845926521493,0.04210573511352605,-0.09866034668813416,0.12398726651109879,-0.055106404180755374,0.05170198463990562,0.15023845125559537
0.10954106832572867,0.07167368595520851,-0.019817527932438246,-0.014602041508114227,-0.009311290982909365,-0.007605802311709431,-0.0063079177716800945,-0.0069890415615968095,-0.03884585759190363,-0.03951129105742257,-0.049846810903112555,-0.024815219472381293,0.025483801562281028,-0.1089015009923566,0.15891045611294474,-0.03821869914663489,-0.0009086144303479402,0.15153750284005754
0.07033670934857696,0.10974555139027303,-0.019817527932438246,-0.014602041508114227,-0.00809449819747867,-0.00757161705856514,0.030532762741215056,-0.006387526053314612,-0.025134552598422955,-0.030861215744114476,-0.03388039306089339,-0.009052625771491567,-0.03236054095901402,-0.08186485480899024,0.1735781772643729,-0.024708533519450567,-0.0007495069005593105,0.17305869503140564
-0.0631447985974396,0.06453521118613391,-0.019817527932438246,-0.014602041508114227,-0.02147910823163692,-0.008218140065782373,-0.01671941804234783,-0.007045596787573276,-0.03129470484297323,-0.03345623658646609,-0.040372232241292536,-0.018178339387761533,0.005537475316890316,-0.08923848531813995,0.1463381048389174,-0.03253020961931091,-0.019546459089968576,0.16650323500465428
-0.05754417588641792,0.11569428036450186,-0.019817527932438246,-0.014602041508114227,0.024758646374220428,0.015176883999872312,0.01531596208305939,-0.0039415335888005,-0.051696065246622736,-0.051405149624860216,-0.05932139003866151,-0.04244443598873015,0.044765245080114924,-0.095792823999106,0.11630416819322582,-0.05332875270336157,0.01931741493119989,0.15230382878798224
-0.007138571487222861,0.12045326354388491,-0.019817527932438246,-0.014602041508114227,0.024758637613382456,-0.005025131730996992,0.006506233413527599,-0.00612013341082311,-0.03010241511949968,-0.03410499179705398,-0.041424962150986025,-0.01257847094138416,-0.012414214713623316,-0.10398574744248397,0.19034131858258183,-0.027730545830683836,0.005563941101233357,0.16166343293202656
0.10114013425919616,0.10498656821088996,0.24028752618081375,-0.014602041508114227,0.016241156011861872,0.0005873923050841168,-0.013515879164851911,-0.007035075613487134,-0.038713379564960224,-0.03994379453114784,-0.04546043312119681,-0.02917067021962216,0.02016478162910328,-0.07899733211996209,0.11351031654533476,-0.04195176884904982,-0.02671785422882844,0.1727888146572261
0.10020669714069255,0.06215571959644239,-0.019817527932438246,-0.014602041508114227,-0.016611981989208744,-0.008104023709204322,0.0033026945360316844,-0.006726388856012091,-0.03884585759190363,-0.03994379453114784,-0.048092261053623415,-0.026474441826814757,0.02149453511642355,-0.09661211693333424,0.14214732108090827,-0.0396408235283258,-0.010898422783145687,0.15891515274807602
-0.08928103791554073,0.0859506354933577,-0.019817527932438246,-0.014602041508114227,-0.03243016927143231,-0.008453766528776989,-0.02873268602185313,-0.0077829138036559645,-0.037653569656861084,-0.03605125937508527,-0.04844317102352125,-0.026059633438272167,0.045430123618944065,-0.10644362292703495,0.13376575985106254,-0.03928529003307117,-0.024622789833170025,0.14564532167249997
-0.05754417588641792,0.0930891102624323,-0.019817527932438246,-0.014602041508114227,-0.010528070627083103,-0.007635030849057509,-0.02392737885888285,-0.007874225063039607,-0.0524246850949702,-0.052053904835448125,-0.06072503212898784,-0.04244443598873015,0.04609500155938353,-0.10111822291004818,0.12398726651109879,-0.05332875270336157,0.03650398264171579,0.14741726939271182
-0.029541062331309556,0.13473021308203412,0.24028752618081375,-0.014602041508114227,-0.003227375240364736,-0.004807836791245937,-0.008710573010996025,-0.007603277084332001,-0.04394619813992375,-0.04556634747464664,-0.05247863883553916,-0.03186690421229802,0.02082965837276341,-0.095792823999106,0.1414488581689355,-0.044262718969437634,0.007307536412854079,0.16002416316244228
-0.049143241819885414,0.08119165231397464,0.24028752618081375,-0.014602041508114227,-0.014178422700861271,-0.008288819412308508,0.007307121376483557,-0.0049937596659513864,-0.039177048188184606,-0.04059255168800332,-0.04598679807604356,-0.029378076280516276,0.018835028141783013,-0.07981662431682728,0.11630416819322582,-0.042129537196565064,-0.022169477145266597,0.1723614072173972
-0.06781198418995765,0.05620699062221355,-0.019817527932438246,-0.014602041508114227,-0.029996598813016424,-0.00837149479507768,-0.023927377128972464,-0.007989406027050788,-0.02082906948147718,-0.02502241301002062,-0.029494012120784757,-0.006356391778815716,-0.021722495108761862,-0.07776839360345539,0.15541813526690837,-0.022397583399062757,-0.0225522894176991,0.1749644961780539
0.10114013425919616,0.07286343175005427,-0.019817527932438246,-0.014602041508114227,-0.031213379333273956,-0.00897205809528683,-0.026330030350059604,-0.007708499720457165,-0.045138486074966296,-0.045133842054653796,-0.05388228029422691,-0.0343557358773254,0.03678671637712764,-0.09825070095838309,0.12887651318108065,-0.046395903942086064,-0.005377929150328517,0.15387834536565512
0.1048738827332106,0.08119165231397464,-0.019817527932438246,-0.014602041508114227,-0.020262336253196404,-0.008600988963261731,-0.01591853152098386,-0.007548035426581512,-0.05321954288373075,-0.05378392028736325,-0.060900486482298184,-0.043066642971675576,0.038116471659616916,-0.09743140765547333,0.1260826615331896,-0.0538620481465797,0.034257968282338694,0.1536022992881767
-0.08274697808601546,0.14305843364595447,0.24028752618081375,-0.014602041508114227,-0.000793805000969796,-0.0061507550779382756,-0.008710571569404033,-0.007761111343928052,-0.04248895772785643,-0.04491759031779116,-0.05037317743705574,-0.030415087918758667,0.012186254721285006,-0.09005777788368666,0.14075039525696273,-0.04301836293526196,0.008823431873942151,0.16450929535113665
0.05726858968952638,0.11331478877481033,-0.019817527932438246,-0.014602041508114227,-0.01661198855983722,-0.007911860686990251,-0.02072384055802373,-0.007800569621175057,-0.04182657474686346,-0.04340382621348514,-0.04949590093321473,-0.030829890707432812,0.01949990488544315,-0.0880095473915237,0.12957497609305343,-0.0433738916308528,-0.006658530100342892,0.1651468468152704
0.06753639799306611,0.13473021308203412,-0.019817527932438246,-0.014602041508114227,0.011374022103700478,0.0017653860257130268,0.010510654487611513,-0.00286826601577958,-0.03758733153760489,-0.038646284109972034,-0.0431795135795716,-0.029585476741541935,0.02082965837276341,-0.06998511684840046,0.09744565071144357,-0.042129537196565064,-0.03970807988808167,0.18320555746428643
0.07780420629660585,0.13948919626141718,0.24028752618081375,-0.014602041508114227,-0.019045550038394192,-0.007723380314492815,-0.002303496697596181,-0.004709658632223166,-0.0410317155273581,-0.04297132273975988,-0.048969535978367985,-0.029378076280516276,0.015510638439585672,-0.08923848531813995,0.13586114858698087,-0.042129537196565064,-0.0004896514520307102,0.1655817196354245
0.09180576307416004,0.07405317754490004,-0.019817527932438246,-0.014602041508114227,-0.03121338371369294,-0.008539775173111159,-0.0031043846605521386,-0.006788303997756215,-0.04315133892041839,-0.04167381231858407,-0.05405773527917583,-0.031244699095975402,0.0487545097308034,-0.11176902110061407,0.13935346943301719,-0.04372942512610742,0.006751157545372097,0.1410236967814967
